Image,Latitude,Longitude,Timestamp
frame1.jpg,19.100088,74.732057,14-05-2025 12:01
frame2.jpg,19.099983,74.732104,14-05-2025 12:01
frame3.jpg,19.099983,74.732104,14-05-2025 12:01
frame4.jpg,19.099997,74.731891,14-05-2025 12:01
frame5.jpg,19.099175,74.731134,14-05-2025 12:02
frame6.jpg,19.0991,74.731134,14-05-2025 12:02
frame7.jpg,19.099224,74.731197,14-05-2025 12:02
frame8.jpg,19.099224,74.731197,14-05-2025 12:02
frame9.jpg,19.099224,74.731197,14-05-2025 12:02
frame10.jpg,19.098377,74.73081,14-05-2025 12:02
frame11.jpg,19.095931,74.729913,14-05-2025 12:03
frame12.jpg,19.095931,74.729913,14-05-2025 12:03
frame13.jpg,19.095917,74.729897,14-05-2025 12:03
frame14.jpg,19.095917,74.729897,14-05-2025 12:04
frame15.jpg,19.095296,74.729028,14-05-2025 12:04
frame16.jpg,19.095425,74.729208,14-05-2025 12:04
frame17.jpg,19.095425,74.729208,14-05-2025 12:04
frame18.jpg,19.095425,74.729208,14-05-2025 12:04
frame19.jpg,19.095425,74.729208,14-05-2025 12:04
frame20.jpg,19.09516,74.72827,14-05-2025 12:04
frame21.jpg,19.09501,74.727636,14-05-2025 12:04
frame22.jpg,19.09501,74.727636,14-05-2025 12:04
frame23.jpg,19.095068,74.726944,14-05-2025 12:05
frame24.jpg,19.095063,74.726582,14-05-2025 12:05
frame25.jpg,19.097163,74.696453,14-05-2025 12:13
frame26.jpg,19.097163,74.696453,14-05-2025 12:13
frame27.jpg,19.097163,74.696453,14-05-2025 12:13
frame28.jpg,19.097163,74.696453,14-05-2025 12:13
frame29.jpg,19.097163,74.696453,14-05-2025 12:13
frame30.jpg,19.097572,74.694765,14-05-2025 12:13
frame31.jpg,19.097572,74.694765,14-05-2025 12:13
frame32.jpg,19.097878,74.69303,Not found
frame33.jpg,19.097895,74.692968,14-05-2025 12:14
frame34.jpg,19.098253,74.691343,14-05-2025 12:14
frame35.jpg,19.098253,74.691343,14-05-2025 12:14
frame36.jpg,19.098261,74.691319,14-05-2025 12:14
frame37.jpg,19.098629,74.689996,14-05-2025 12:14
frame38.jpg,19.098629,74.689996,14-05-2025 12:14
frame39.jpg,19.098629,74.689996,14-05-2025 12:14
frame40.jpg,19.098629,74.689996,14-05-2025 12:14
frame41.jpg,19.098642,74.689903,14-05-2025 12:15
frame42.jpg,19.098642,74.689903,14-05-2025 12:15
frame43.jpg,19.098754,74.689759,Not found
frame44.jpg,19.098754,74.689759,14-05-2025 12:15
frame45.jpg,19.098801,74.689667,14-05-2025 12:15
frame46.jpg,19.098801,74.689667,14-05-2025 12:15
frame47.jpg,19.099204,74.689234,14-05-2025 12:16
frame48.jpg,19.100943,74.684009,14-05-2025 12:16
frame49.jpg,19.100943,74.684009,14-05-2025 12:16
frame50.jpg,Not found,74.684009,Not found
frame51.jpg,19.100943,74.684009,14-05-2025 12:16
frame52.jpg,19.100943,74.684009,14-05-2025 12:16
frame53.jpg,19.100842,74.683653,14-05-2025 12:16
frame54.jpg,19.100842,74.683653,14-05-2025 12:16
frame55.jpg,19.100604,74.681735,14-05-2025 12:17
frame56.jpg,19.100604,74.681735,14-05-2025 12:17
frame57.jpg,19.100568,74.681508,14-05-2025 12:17
frame58.jpg,19.100568,74.681508,14-05-2025 12:17
frame59.jpg,19.101429,74.680155,14-05-2025 12:17
frame60.jpg,19.101429,74.680155,14-05-2025 12:17
frame61.jpg,19.101429,74.680155,14-05-2025 12:17
frame62.jpg,19.101078,74.678688,14-05-2025 12:18
frame63.jpg,19.101078,74.678688,14-05-2025 12:18
frame64.jpg,19.101127,74.673982,14-05-2025 12:18
frame65.jpg,19.101043,74.673355,14-05-2025 12:18
frame66.jpg,19.101043,74.673355,14-05-2025 12:18
frame67.jpg,19.10087,74.672869,14-05-2025 12:18
frame68.jpg,19.100822,74.671341,14-05-2025 12:19
frame69.jpg,19.101358,74.666465,14-05-2025 12:19
frame70.jpg,19.101358,74.666465,14-05-2025 12:19
frame71.jpg,19.101357,74.666355,14-05-2025 12:19
frame72.jpg,19.101363,74.666332,14-05-2025 12:20
frame73.jpg,19.101363,74.666332,14-05-2025 12:20
frame74.jpg,19.101515,74.66238,14-05-2025 12:20
frame75.jpg,19.381422,75.178145,01-06-2025 14:44
frame76.jpg,19.381422,75.178145,01-06-2025 14:44
frame77.jpg,19.381422,75.178145,01-06-2025 14:44
frame78.jpg,19.381798,75.17779,01-06-2025 14:44
frame79.jpg,19.381798,75.17779,01-06-2025 14:44
frame80.jpg,19.382406,75.17806,01-06-2025 14:44
frame81.jpg,19.382511,75.178039,01-06-2025 14:44
frame82.jpg,19.382542,75.178025,01-06-2025 14:44
frame83.jpg,19.382542,75.178025,01-06-2025 14:44
frame84.jpg,19.382552,75.178027,01-06-2025 14:44
frame85.jpg,19.382957,75.178527,01-06-2025 14:44
frame86.jpg,19.385754,75.170842,01-06-2025 14:46
frame87.jpg,19.396424,75.149482,01-06-2025 14:51
frame88.jpg,19.396417,75.149484,01-06-2025 14:51
frame89.jpg,19.397052,75.148854,01-06-2025 14:51
frame90.jpg,19.401006,75.1431,01-06-2025 14:53
frame91.jpg,19.401006,75.1431,01-06-2025 14:53
frame92.jpg,19.401006,75.1431,01-06-2025 14:53
frame93.jpg,19.401006,75.143097,01-06-2025 14:53
frame94.jpg,19.401006,75.143097,01-06-2025 14:53
frame95.jpg,19.401006,75.143097,01-06-2025 14:53
frame96.jpg,19.401006,75.143097,01-06-2025 14:53
frame97.jpg,19.401006,75.143097,01-06-2025 14:53
frame98.jpg,19.401006,75.143097,01-06-2025 14:53
frame99.jpg,19.401006,75.143097,01-06-2025 14:53
frame100.jpg,19.401006,75.143097,01-06-2025 14:53
frame101.jpg,19.401006,75.143097,01-06-2025 14:53
frame102.jpg,19.401006,75.143097,01-06-2025 14:53
frame103.jpg,19.401006,75.143097,01-06-2025 14:53
frame104.jpg,19.401006,75.143097,01-06-2025 14:53
frame105.jpg,19.401006,75.143097,01-06-2025 14:53
frame106.jpg,19.401006,75.143097,01-06-2025 14:53
frame107.jpg,19.401006,75.143097,01-06-2025 14:53
frame108.jpg,19.401348,75.142295,01-06-2025 14:53
frame109.jpg,19.401366,75.142278,01-06-2025 14:53
frame110.jpg,19.402149,75.139092,01-06-2025 14:54
frame111.jpg,19.402149,75.139092,01-06-2025 14:54
frame112.jpg,19.366998,75.120062,01-06-2025 15:05
frame113.jpg,19.366998,75.120062,01-06-2025 15:05
frame114.jpg,19.366998,75.120062,01-06-2025 15:05
frame115.jpg,19.366998,75.120062,01-06-2025 15:05
frame116.jpg,19.366998,75.120062,01-06-2025 15:05
frame117.jpg,19.366998,75.120062,01-06-2025 15:05
frame118.jpg,19.366998,75.120062,01-06-2025 15:05
frame119.jpg,19.36602,75.119801,01-06-2025 15:05
frame120.jpg,19.36602,75.119801,01-06-2025 15:05
frame121.jpg,19.36602,75.119801,01-06-2025 15:05
frame122.jpg,19.36602,75.119801,01-06-2025 15:05
frame123.jpg,19.36602,75.119801,01-06-2025 15:05
frame124.jpg,19.365471,75.119599,01-06-2025 15:05
frame125.jpg,19.365471,75.119599,01-06-2025 15:05
frame126.jpg,19.364542,75.118977,01-06-2025 15:05
frame127.jpg,19.364542,75.118977,01-06-2025 15:05
frame128.jpg,19.364475,75.118922,01-06-2025 15:05
frame129.jpg,19.364475,75.118922,01-06-2025 15:05
frame130.jpg,19.364475,75.118922,01-06-2025 15:05
frame131.jpg,19.364534,75.11894,01-06-2025 15:05
frame132.jpg,19.364534,75.11894,01-06-2025 15:05
frame133.jpg,19.364534,75.11894,01-06-2025 15:05
frame134.jpg,19.364534,75.11894,01-06-2025 15:05
frame135.jpg,19.364534,75.11894,01-06-2025 15:05
frame136.jpg,19.364534,75.11894,01-06-2025 15:05
frame137.jpg,19.364534,75.11894,01-06-2025 15:05
frame138.jpg,19.364534,75.11894,01-06-2025 15:05
frame139.jpg,19.364534,75.11894,01-06-2025 15:05
frame140.jpg,19.363858,75.118745,01-06-2025 15:05
frame141.jpg,19.363858,75.118745,01-06-2025 15:05
frame142.jpg,19.363858,75.118745,01-06-2025 15:05
frame143.jpg,19.363858,75.118745,01-06-2025 15:05
frame144.jpg,19.36385,75.118745,01-06-2025 15:05
frame145.jpg,19.363858,75.118745,01-06-2025 15:05
frame146.jpg,19.363858,75.118745,01-06-2025 15:06
frame147.jpg,19.363858,75.118745,01-06-2025 15:06
frame148.jpg,19.363858,75.118745,01-06-2025 15:06
frame149.jpg,19.363858,75.118745,01-06-2025 15:06
frame150.jpg,19.363858,75.118745,01-06-2025 15:06
frame151.jpg,19.363858,75.118745,01-06-2025 15:06
frame152.jpg,19.3638538,75.118745,01-06-2025 15:06
frame153.jpg,19.36341,75.118279,01-06-2025 15:06
frame154.jpg,19.36341,75.118279,01-06-2025 15:06
frame155.jpg,19.362854,75.118198,01-06-2025 15:06
frame156.jpg,19.362854,75.118198,01-06-2025 15:06
frame157.jpg,19.362854,75.118198,01-06-2025 15:06
frame158.jpg,19.362854,75.118198,01-06-2025 15:06
frame159.jpg,19.362108,75.118,01-06-2025 15:06
frame160.jpg,19.362112,75.118,01-06-2025 15:06
frame161.jpg,19.362112,75.118,01-06-2025 15:06
frame162.jpg,19.362112,75.118,01-06-2025 15:06
frame163.jpg,19.362112,75.118,01-06-2025 15:06
frame164.jpg,19.362112,75.118,01-06-2025 15:06
frame165.jpg,19.362112,75.118,01-06-2025 15:06
frame166.jpg,19.362112,75.118,01-06-2025 15:06
frame167.jpg,19.362112,75.118,01-06-2025 15:06
frame168.jpg,19.362112,75.118,01-06-2025 15:06
frame169.jpg,19.36175,75.117752,01-06-2025 15:06
frame170.jpg,19.361737,75.11774,01-06-2025 15:06
frame171.jpg,19.361737,75.1177,01-06-2025 15:06
frame172.jpg,19.361737,75.11774,01-06-2025 15:06
frame173.jpg,19.361737,75.11774,01-06-2025 15:06
frame174.jpg,19.361446,75.117102,01-06-2025 15:07
frame175.jpg,19.361446,75.117102,01-06-2025 15:07
frame176.jpg,19.360505,75.116861,01-06-2025 15:07
frame177.jpg,19.360505,75.116861,01-06-2025 15:07
frame178.jpg,19.35967,75.116754,01-06-2025 15:07
frame179.jpg,19.359668,75.116761,01-06-2025 15:07
frame180.jpg,19.357487,75.115622,01-06-2025 15:08
frame181.jpg,19.357487,75.115622,01-06-2025 15:08
frame182.jpg,19.130298,74.691014,15-05-2025 08:31
frame183.jpg,19.130298,74.690993,15-05-2025 08:31
frame184.jpg,19.130388,74.690967,15-05-2025 08:32
frame185.jpg,19.130388,74.690967,15-05-2025 08:32
frame186.jpg,19.130388,74.690967,15-05-2025 08:32
frame187.jpg,19.131124,74.689086,15-05-2025 08:33
frame188.jpg,19.138258,74.684929,15-05-2025 08:33
frame189.jpg,19.138258,74.684929,15-05-2025 08:33
frame190.jpg,Not found,74.6849,15-05-2025 08:33
frame191.jpg,19.141757,74.683998,15-05-2025 08:34
frame192.jpg,19.141757,74.683998,15-05-2025 08:34
frame193.jpg,19.141757,74.683998,15-05-2025 08:34
frame194.jpg,19.143791,74.6848,15-05-2025 08:34
frame195.jpg,19.143791,74.6848,15-05-2025 08:34
frame196.jpg,19.143791,74.6848,15-05-2025 08:34
frame197.jpg,19.143791,74.6848,15-05-2025 08:34
frame198.jpg,19.143791,74.6848,15-05-2025 08:34
frame199.jpg,19.144005,74.684915,15-05-2025 08:34
frame200.jpg,19.144005,74.684915,15-05-2025 08:34
frame201.jpg,19.144005,74.684915,15-05-2025 08:35
frame202.jpg,19.144205,74.685003,15-05-2025 08:35
frame203.jpg,19.144205,74.685003,15-05-2025 08:35
frame204.jpg,19.144205,74.685003,15-05-2025 08:35
frame205.jpg,19.144205,74.685003,15-05-2025 08:35
frame206.jpg,19.148103,74.685477,15-05-2025 08:35
frame207.jpg,19.148103,74.685477,15-05-2025 08:35
frame208.jpg,19.149264,74.685051,15-05-2025 08:35
frame209.jpg,19.149264,74.685051,15-05-2025 08:35
frame210.jpg,19.149264,74.685051,15-05-2025 08:35
frame211.jpg,19.15012,74.684791,Not found
frame212.jpg,19.151115,74.684438,15-05-2025 08:35
frame213.jpg,19.152174,74.684134,15-05-2025 08:36
frame214.jpg,19.152174,74.684134,15-05-2025 08:36
frame215.jpg,19.152687,74.68406,15-05-2025 08:36
frame216.jpg,19.152687,74.68406,15-05-2025 08:36
frame217.jpg,19.155453,74.682648,15-05-2025 08:36
frame218.jpg,19.155491,74.682638,15-05-2025 08:36
frame219.jpg,19.155491,74.682638,15-05-2025 08:36
frame220.jpg,19.155491,74.682638,15-05-2025 08:36
frame221.jpg,19.155524,74.682673,15-05-2025 08:36
frame222.jpg,19.155524,74.682673,15-05-2025 08:36
frame223.jpg,19.155524,74.682673,15-05-2025 08:37
frame224.jpg,19.158583,74.682068,15-05-2025 08:37
frame225.jpg,19.158583,74.682068,15-05-2025 08:37
frame226.jpg,19.158583,74.682068,15-05-2025 08:37
frame227.jpg,19.158618,74.682041,15-05-2025 08:37
frame228.jpg,19.158618,74.682041,15-05-2025 08:37
frame229.jpg,19.158618,74.682041,15-05-2025 08:37
frame230.jpg,19.158624,74.682018,15-05-2025 08:37
frame231.jpg,19.158624,74.682018,15-05-2025 08:37
frame232.jpg,19.158624,74.682018,15-05-2025 08:37
frame233.jpg,19.15866,74.682021,15-05-2025 08:37
frame234.jpg,19.15866,74.682021,15-05-2025 08:37
frame235.jpg,19.15866,74.682021,15-05-2025 08:37
frame236.jpg,19.163203,74.681325,15-05-2025 08:37
frame237.jpg,19.16325,74.681307,Not found
frame238.jpg,19.16325,74.681307,Not found
frame239.jpg,19.16325,74.681307,15-05-2025 08:38
frame240.jpg,19.16325,74.681307,Not found
frame241.jpg,19.16325,74.681307,Not found
frame242.jpg,19.16325,74.681307,Not found
frame243.jpg,19.16325,74.681307,15-05-2025 08:38
frame244.jpg,19.16325,74.681307,15-05-2025 08:38
frame245.jpg,19.165165,74.680475,Not found
frame246.jpg,19.165891,74.679919,15-05-2025 08:38
frame247.jpg,19.165891,74.679919,15-05-2025 08:38
frame248.jpg,19.165891,74.679919,15-05-2025 08:38
frame249.jpg,19.165894,74.679883,15-05-2025 08:38
frame250.jpg,19.165894,74.679883,Not found
frame251.jpg,19.165894,74.679883,15-05-2025 08:38
frame252.jpg,19.167665,74.67856,15-05-2025 08:38
frame253.jpg,19.167665,74.67856,15-05-2025 08:38
frame254.jpg,19.16856,74.67777,15-05-2025 08:38
frame255.jpg,19.16856,74.67777,15-05-2025 08:38
frame256.jpg,19.16856,74.67777,15-05-2025 08:38
frame257.jpg,19.16859,74.677727,15-05-2025 08:39
frame258.jpg,19.16859,14.67772,15-05-2025 08:39
frame259.jpg,19.172021,74.677175,15-05-2025 08:39
frame260.jpg,19.172021,74.677175,15-05-2025 08:39
frame261.jpg,19.173003,74.67755,15-05-2025 08:39
frame262.jpg,19.173003,74.67755,15-05-2025 08:39
frame263.jpg,19.173003,74.67755,15-05-2025 08:39
frame264.jpg,19.174432,74.677778,15-05-2025 08:39
frame265.jpg,19.174432,74.677778,15-05-2025 08:39
frame266.jpg,19.176076,74.678495,15-05-2025 08:40
frame267.jpg,19.176076,74.678495,15-05-2025 08:40
frame268.jpg,19.176076,74.678495,15-05-2025 08:40
frame269.jpg,19.177304,74.678423,15-05-2025 08:40
frame270.jpg,19.177304,74.678423,15-05-2025 08:40
frame271.jpg,19.177304,74.678423,15-05-2025 08:40
frame272.jpg,19.177304,74.678423,15-05-2025 08:40
frame273.jpg,19.178644,74.6784,15-05-2025 08:40
frame274.jpg,19.178644,74.6784,15-05-2025 08:40
frame275.jpg,19.178644,74.6784,15-05-2025 08:40
frame276.jpg,19.178644,74.6784,15-05-2025 08:40
frame277.jpg,19.178644,74.6784,15-05-2025 08:40
frame278.jpg,19.178644,74.6784,15-05-2025 08:40
frame279.jpg,19.178644,74.6784,15-05-2025 08:40
frame280.jpg,19.178644,74.6784,15-05-2025 08:40
frame281.jpg,19.178644,74.6784,15-05-2025 08:40
frame282.jpg,19.178644,74.6784,15-05-2025 08:40
frame283.jpg,19.178644,74.6784,15-05-2025 08:40
frame284.jpg,19.178644,74.6784,15-05-2025 08:40
frame285.jpg,19.178644,74.6784,15-05-2025 08:40
frame286.jpg,19.178644,74.6784,15-05-2025 08:40
frame287.jpg,19.178644,74.6784,15-05-2025 08:40
frame288.jpg,19.178644,74.6784,15-05-2025 08:40
frame289.jpg,19.178644,74.6784,15-05-2025 08:40
frame290.jpg,19.178644,74.6784,15-05-2025 08:40
frame291.jpg,19.178644,74.6784,15-05-2025 08:40
frame292.jpg,19.178644,74.6784,15-05-2025 08:40
frame293.jpg,19.178644,74.6784,15-05-2025 08:40
frame294.jpg,19.181188,74.678102,15-05-2025 08:40
frame295.jpg,19.181188,74.678102,15-05-2025 08:40
frame296.jpg,19.181188,74.678102,15-05-2025 08:40
frame297.jpg,19.181188,74.678102,15-05-2025 08:40
frame298.jpg,19.181188,74.678102,15-05-2025 08:40
frame299.jpg,19.181188,74.678102,15-05-2025 08:40
frame300.jpg,19.181188,74.678102,15-05-2025 08:40
frame301.jpg,19.181188,74.678102,15-05-2025 08:40
frame302.jpg,19.181188,74.678102,15-05-2025 08:40
frame303.jpg,19.181242,74.678052,15-05-2025 08:40
frame304.jpg,19.181242,74.678052,15-05-2025 08:40
frame305.jpg,19.181242,74.678052,15-05-2025 08:40
frame306.jpg,19.181242,74.678052,15-05-2025 08:41
frame307.jpg,19.181242,74.678052,15-05-2025 08:41
frame308.jpg,19.181242,74.678052,15-05-2025 08:41
frame309.jpg,19.181242,74.678052,15-05-2025 08:41
frame310.jpg,19.181242,74.678052,15-05-2025 08:41
frame311.jpg,19.181242,74.678052,15-05-2025 08:41
frame312.jpg,19.181242,74.678052,15-05-2025 08:41
frame313.jpg,19.181242,74.678052,15-05-2025 08:41
frame314.jpg,19.181242,74.678052,15-05-2025 08:41
frame315.jpg,19.181242,74.678052,15-05-2025 08:41
frame316.jpg,19.181242,74.678052,15-05-2025 08:41
frame317.jpg,19.181242,74.678052,15-05-2025 08:41
frame318.jpg,19.181242,74.678052,15-05-2025 08:41
frame319.jpg,19.181242,74.678052,15-05-2025 08:41
frame320.jpg,19.181242,74.678052,15-05-2025 08:41
frame321.jpg,19.181242,74.678052,15-05-2025 08:41
frame322.jpg,19.18,Not found,Not found
frame323.jpg,Not found,Not found,Not found
frame324.jpg,19.181242,74.678052,15-05-2025 08:41
frame325.jpg,19.181242,74.678052,15-05-2025 08:41
frame326.jpg,Not found,Not found,Not found
frame327.jpg,19.184977,74.677232,15-05-2025 08:42
frame328.jpg,19.184977,74.677232,15-05-2025 08:42
frame329.jpg,19.184965,74.67726,15-05-2025 08:42
frame330.jpg,Not found,Not found,Not found
frame331.jpg,19.184965,74.67726,Not found
frame332.jpg,19.184942,74.677297,Not found
frame333.jpg,19.184748,74.677513,Not found
frame334.jpg,19.184748,74.677513,Not found
frame335.jpg,19.184748,74.677513,Not found
frame336.jpg,19.184748,74.677513,Not found
frame337.jpg,19.182994,74.681297,15-05-2025 08:43
frame338.jpg,19.182994,74.681297,15-05-2025 08:43
frame339.jpg,19.182079,74.683422,15-05-2025 08:43
frame340.jpg,19.182079,74.683422,15-05-2025 08:43
frame341.jpg,19.182079,74.683422,15-05-2025 08:43
frame342.jpg,19.181598,74.682899,15-05-2025 08:43
frame343.jpg,19.182019,74.683542,15-05-2025 08:43
frame344.jpg,19.182019,74.683542,15-05-2025 08:43
frame345.jpg,19.18199,74.683612,15-05-2025 08:43
frame346.jpg,19.18199,74.683612,15-05-2025 08:43
frame347.jpg,19.18196,74.683644,15-05-2025 08:43
frame348.jpg,19.18196,74.683644,15-05-2025 08:43
frame349.jpg,19.18196,74.683644,15-05-2025 08:44
frame350.jpg,19.18196,74.683644,15-05-2025 08:44
frame351.jpg,19.181904,74.683744,15-05-2025 08:44
frame352.jpg,19.181904,74.683744,15-05-2025 08:44
frame353.jpg,19.181904,74.683744,15-05-2025 08:44
frame354.jpg,19.181904,74.683744,15-05-2025 08:44
frame355.jpg,19.181904,74.6837,18-05-2025 08:44
frame356.jpg,19.181904,74.683744,15-05-2025 08:44
frame357.jpg,19.181904,74.683744,15-05-2025 08:44
frame358.jpg,19.181904,74.683744,15-05-2025 08:44
frame359.jpg,19.181871,74.683813,15-05-2025 08:44
frame360.jpg,19.181871,74.683813,15-05-2025 08:44
frame361.jpg,19.181871,74.683813,15-05-2025 08:44
frame362.jpg,19.181871,74.683813,15-05-2025 08:44
frame363.jpg,19.181871,74.683813,15-05-2025 08:44
frame364.jpg,19.181871,74.683813,15-05-2025 08:44
frame365.jpg,19.181871,74.683813,15-05-2025 08:44
frame366.jpg,19.181871,74.683813,15-05-2025 08:44
frame367.jpg,19.181816,74.683875,15-05-2025 08:44
frame368.jpg,19.181816,74.683875,15-05-2025 08:44
frame369.jpg,19.181816,74.683875,15-05-2025 08:44
frame370.jpg,19.181816,74.683875,15-05-2025 08:44
frame371.jpg,19.181816,74.683875,15-05-2025 08:44
frame372.jpg,19.181816,74.683875,15-05-2025 08:44
frame373.jpg,19.181816,74.683875,15-05-2025 08:44
frame374.jpg,19.181592,74.683973,15-05-2025 08:44
frame375.jpg,19.181592,74.683973,15-05-2025 08:44
frame376.jpg,19.181592,74.683973,15-05-2025 08:44
frame377.jpg,19.181592,74.683973,15-05-2025 08:44
frame378.jpg,19.181592,74.683973,15-05-2025 08:44
frame379.jpg,19.181592,74.683973,15-05-2025 08:44
frame380.jpg,19.18084,74.684636,Not found
frame381.jpg,19.18084,74.684636,15-05-2025 08:44
frame382.jpg,19.18084,74.684636,15-05-2025 08:44
frame383.jpg,19.176998,74.689413,15-05-2025 08:45
frame384.jpg,19.176998,74.689413,15-05-2025 08:45
frame385.jpg,19.176998,74.689413,15-05-2025 08:45
frame386.jpg,19.176998,74.689413,15-05-2025 08:45
frame387.jpg,19.176658,74.691888,Not found
frame388.jpg,19.176658,74.691888,15-05-2025 08:45
frame389.jpg,19.176658,74.691888,15-05-2025 08:45
frame390.jpg,Not found,Not found,15-05-2025 08:45
frame391.jpg,Not found,Not found,15-05-2025 08:45
frame392.jpg,19.176319,74.692211,15-05-2025 08:45
frame393.jpg,19.176319,74.692211,15-05-2025 08:45
frame394.jpg,19.176319,74.692211,15-05-2025 08:45
frame395.jpg,19.176319,74.692211,15-05-2025 08:45
frame396.jpg,19.176319,74.692211,15-05-2025 08:45
frame397.jpg,19.176319,74.692211,15-05-2025 08:45
frame398.jpg,19.176319,74.692211,15-05-2025 08:45
frame399.jpg,19.176252,74.692285,15-05-2025 08:46
frame400.jpg,19.176252,74.692285,15-05-2025 08:46
frame401.jpg,19.176252,74.692285,15-05-2025 08:46
frame402.jpg,19.176252,74.692285,15-05-2025 08:46
frame403.jpg,19.176252,74.692285,15-05-2025 08:46
frame404.jpg,19.171768,74.696478,15-05-2025 08:46
frame405.jpg,19.171764,74.696472,15-05-2025 08:46
frame406.jpg,19.171764,74.696472,15-05-2025 08:46
frame407.jpg,19.171764,74.696472,15-05-2025 08:46
frame408.jpg,19.171764,74.696472,15-05-2025 08:46
frame409.jpg,19.171764,74.696472,15-05-2025 08:46
frame410.jpg,19.17018,74.697385,15-05-2025 08:46
frame411.jpg,19.17018,74.697385,15-05-2025 08:46
frame412.jpg,19.17018,74.697385,15-05-2025 08:46
frame413.jpg,19.17018,74.697385,15-05-2025 08:46
frame414.jpg,19.17018,74.697385,15-05-2025 08:46
frame415.jpg,19.169145,74.697964,15-05-2025 08:46
frame416.jpg,19.169145,74.697964,15-05-2025 08:46
frame417.jpg,19.169145,74.697964,15-05-2025 08:46
frame418.jpg,19.169145,74.697964,15-05-2025 08:46
frame419.jpg,19.169145,74.697964,15-05-2025 08:46
frame420.jpg,19.169145,74.697964,15-05-2025 08:46
frame421.jpg,19.169145,74.697964,15-05-2025 08:46
frame422.jpg,19.169145,74.697964,15-05-2025 08:46
frame423.jpg,19.169145,74.697964,15-05-2025 08:46
frame424.jpg,19.169145,74.697964,15-05-2025 08:46
frame425.jpg,19.169145,74.697964,15-05-2025 08:46
frame426.jpg,19.169145,74.697964,15-05-2025 08:46
frame427.jpg,19.168161,74.698477,15-05-2025 08:47
frame428.jpg,19.168161,74.698477,15-05-2025 08:47
frame429.jpg,19.167147,74.698981,15-05-2025 08:47
frame430.jpg,19.167147,Not found,15-05-2025 08:47
frame431.jpg,19.16,Not found,Not found
frame432.jpg,19.165908,Not found,Not found
frame433.jpg,19.164925,74.700494,15-05-2025 08:47
frame434.jpg,19.164925,74.700494,Not found
frame435.jpg,19.164925,74.700494,Not found
frame436.jpg,19.164925,74.700494,15-05-2025 08:47
frame437.jpg,19.164925,74.700494,15-05-2025 08:47
frame438.jpg,19.163833,74.701073,15-05-2025 08:47
frame439.jpg,19.163833,74.701073,15-05-2025 08:47
frame440.jpg,19.163833,74.701073,15-05-2025 08:47
frame441.jpg,19.163833,74.701073,15-05-2025 08:47
frame442.jpg,19.163833,74.701073,15-05-2025 08:47
frame443.jpg,19.163833,74.701073,15-05-2025 08:47
frame444.jpg,19.163833,74.701073,15-05-2025 08:47
frame445.jpg,19.163833,74.701073,15-05-2025 08:47
frame446.jpg,19.163833,74.701073,15-05-2025 08:47
frame447.jpg,19.163833,Not found,15-05-2025 08:47
frame448.jpg,19.163833,74.701073,15-05-2025 08:47
frame449.jpg,19.163833,74.701073,15-05-2025 08:47
frame450.jpg,19.163833,74.701073,15-05-2025 08:48
frame451.jpg,19.163833,74.701073,15-05-2025 08:48
frame452.jpg,19.162902,74.701767,15-05-2025 08:48
frame453.jpg,19.162902,74.701767,15-05-2025 08:48
frame454.jpg,19.162902,74.701767,15-05-2025 08:48
frame455.jpg,19.162902,74.701767,15-05-2025 08:48
frame456.jpg,19.162902,74.701767,15-05-2025 08:48
frame457.jpg,19.162902,74.701767,15-05-2025 08:48
frame458.jpg,19.162902,74.701767,15-05-2025 08:48
frame459.jpg,19.161761,74.702275,15-05-2025 08:48
frame460.jpg,19.161761,Not found,15-05-2025 08:48
frame461.jpg,19.161761,Not found,15-05-2025 08:48
frame462.jpg,19.161761,74.702275,15-05-2025 08:48
frame463.jpg,19.161761,74.702275,15-05-2025 08:48
frame464.jpg,19.161761,74.702275,15-05-2025 08:48
frame465.jpg,19.161761,74.702275,15-05-2025 08:48
frame466.jpg,19.161761,74.702275,15-05-2025 08:48
frame467.jpg,19.160781,74.702801,15-05-2025 08:48
frame468.jpg,19.160781,74.702801,15-05-2025 08:48
frame469.jpg,19.160781,74.702801,15-05-2025 08:48
frame470.jpg,19.160781,74.702801,15-05-2025 08:48
frame471.jpg,19.15976,74.703457,15-05-2025 08:48
frame472.jpg,19.158705,74.703912,15-05-2025 08:48
frame473.jpg,19.158705,74.703912,15-05-2025 08:48
frame474.jpg,19.158705,74.703912,15-05-2025 08:48
frame475.jpg,19.158705,74.703912,15-05-2025 08:48
frame476.jpg,19.158705,74.703912,15-05-2025 08:48
frame477.jpg,19.158705,74.703912,15-05-2025 08:48
frame478.jpg,19.157629,74.704551,15-05-2025 08:48
frame479.jpg,19.157629,74.704551,15-05-2025 08:49
frame480.jpg,19.157629,74.704551,15-05-2025 08:49
frame481.jpg,19.157629,74.704551,15-05-2025 08:49
frame482.jpg,19.157629,74.704551,15-05-2025 08:49
frame483.jpg,19.157595,74.704639,15-05-2025 08:49
frame484.jpg,19.157595,74.704639,15-05-2025 08:49
frame485.jpg,19.157595,74.704639,Not found
frame486.jpg,19.157595,74.704639,15-05-2025 06:49
frame487.jpg,19.156257,74.705284,15-05-2025 08:49
frame488.jpg,19.156257,74.705284,15-05-2025 08:49
frame489.jpg,19.156257,14.105284,Not found
frame490.jpg,19.155598,74.705608,15-05-2025 08:49
frame491.jpg,19.155598,74.705608,15-05-2025 08:49
frame492.jpg,19.155598,74.705608,15-05-2025 08:49
frame493.jpg,19.155598,14.105608,Not found
frame494.jpg,19.155598,74.705608,15-05-2025 08:49
frame495.jpg,19.155598,74.705608,Not found
frame496.jpg,19.155575,74.705616,Not found
frame497.jpg,Not found,Not found,Not found
frame498.jpg,Not found,Not found,Not found
frame499.jpg,19.155741,74.705548,15-05-2025 08:49
frame500.jpg,19.155741,74.705548,15-05-2025 08:49
frame501.jpg,19.155741,74.705548,15-05-2025 08:49
frame502.jpg,19.15327,74.706922,15-05-2025 08:50
frame503.jpg,19.15327,74.706922,15-05-2025 08:50
frame504.jpg,19.15327,74.706922,15-05-2025 08:50
frame505.jpg,19.150814,74.70848,Not found
frame506.jpg,19.150814,74.708487,15-05-2025 08:50
frame507.jpg,19.150814,74.708487,15-05-2025 08:59
frame508.jpg,19.14984,74.709073,15-05-2025 08:50
frame509.jpg,19.14984,74.709073,15-05-2025 08:50
frame510.jpg,19.14984,74.709073,15-05-2025 08:50
frame511.jpg,19.148983,74.709617,15-05-2025 08:50
frame512.jpg,19.148963,74.709617,15-05-2025 08:50
frame513.jpg,Not found,74.709617,15-05-2025 08:50
frame514.jpg,19.147565,74.710536,15-05-2025 08:51
frame515.jpg,19.147565,74.710536,15-05-2025 08:51
frame516.jpg,19.147565,74.710536,15-05-2025 08:51
frame517.jpg,19.147565,74.710536,15-05-2025 08:51
frame518.jpg,19.147565,74.710536,15-05-2025 08:51
frame519.jpg,19.147565,74.710536,15-05-2025 08:51
frame520.jpg,19.147565,Not found,Not found
frame521.jpg,19.147534,74.710548,15-05-2025 08:51
frame522.jpg,19.147534,74.710548,15-05-2025 08:51
frame523.jpg,19.147534,74.710548,15-05-2025 08:51
frame524.jpg,19.147534,74.710548,15-05-2025 08:51
frame525.jpg,19.147534,74.710548,15-05-2025 08:51
frame526.jpg,19.147534,74.710548,15-05-2025 08:51
frame527.jpg,19.147534,Not found,15-05-2025 08:51
frame528.jpg,19.147534,74.710548,15-05-2025 08:51
frame529.jpg,19.147534,74.710548,15-05-2025 08:51
frame530.jpg,19.147534,74.710548,15-05-2025 08:51
frame531.jpg,19.147534,74.710548,15-05-2025 08:51
frame532.jpg,19.147534,74.710548,15-05-2025 08:51
frame533.jpg,19.146303,74.711248,15-05-2025 08:51
frame534.jpg,19.146303,74.711248,15-05-2025 08:51
frame535.jpg,19.146303,74.711248,15-05-2025 08:51
frame536.jpg,19.146303,74.711248,15-05-2025 08:51
frame537.jpg,19.146303,74.711248,15-05-2025 08:51
frame538.jpg,19.146303,74.711248,15-05-2025 08:51
frame539.jpg,19.146303,74.711248,15-05-2025 08:51
frame540.jpg,19.146303,74.711248,15-05-2025 08:51
frame541.jpg,19.145691,74.711641,15-05-2025 08:51
frame542.jpg,19.145691,74.711641,15-05-2025 08:51
frame543.jpg,19.145691,74.711641,15-05-2025 08:51
frame544.jpg,19.145691,74.711641,15-05-2025 08:51
frame545.jpg,19.145691,74.711641,15-05-2025 08:51
frame546.jpg,19.145209,74.712111,15-05-2025 08:51
frame547.jpg,19.145209,74.712111,15-05-2025 08:52
frame548.jpg,19.145209,74.712141,15-05-2025 08:52
frame549.jpg,19.145209,74.712111,15-05-2025 08:52
frame550.jpg,19.145209,74.712111,15-05-2025 08:52
frame551.jpg,19.145209,74.712111,15-05-2025 08:52
frame552.jpg,19.144362,74.712354,15-05-2025 08:52
frame553.jpg,19.143103,74.713625,15-05-2025 08:52
frame554.jpg,19.143103,74.713625,Not found
frame555.jpg,19.142578,74.714234,15-05-2025 08:52
frame556.jpg,19.142578,74.714234,15-05-2025 08:52
frame557.jpg,19.142578,74.714234,15-05-2025 08:52
frame558.jpg,19.142578,74.714234,15-05-2025 08:52
frame559.jpg,19.142578,74.714234,15-05-2025 08:52
frame560.jpg,19.142578,74.714234,15-05-2025 08:52
frame561.jpg,19.142578,74.714234,15-05-2025 08:52
frame562.jpg,19.142578,74.714234,15-05-2025 08:52
frame563.jpg,19.142578,74.714234,15-05-2025 08:52
frame564.jpg,19.142578,74.714234,15/65/25 08:52:51 AM
frame565.jpg,19.142542,74.714294,15-05-2025 08:52
frame566.jpg,19.142542,74.714294,15-05-2025 08:52
frame567.jpg,19.142412,74.714955,15-05-2025 08:53
frame568.jpg,19.142412,74.714955,15-05-2025 08:53
frame569.jpg,19.142412,74.714955,15-05-2025 08:53
frame570.jpg,19.142142,74.715,Not found
frame571.jpg,19.142142,74.715,15-05-2025 08:53
frame572.jpg,19.142142,74.715,15-05-2025 08:53
frame573.jpg,19.14188,74.71505,Not found
frame574.jpg,19.14188,74.71505,15-05-2025 08:53
frame575.jpg,19.14188,74.71505,15-05-2025 08:53
frame576.jpg,19.14188,74.71505,Not found
frame577.jpg,19.14188,74.71505,15-05-2025 08:53
frame578.jpg,19.14188,74.71505,15-05-2025 08:53
frame579.jpg,19.14188,74.71505,15-05-2025 08:53
frame580.jpg,19.14188,74.71505,15-05-2025 08:53
frame581.jpg,19.14188,74.71505,15-05-2025 08:53
frame582.jpg,19.139888,74.716988,15-05-2025 08:53
frame583.jpg,19.139888,74.716988,15-05-2025 08:53
frame584.jpg,19.139641,74.718,15-05-2025 08:53
frame585.jpg,19.139641,74.718,15-05-2025 08:53
frame586.jpg,19.139641,74.718,15-05-2025 08:53
frame587.jpg,19.139641,74.718,15-05-2025 08:53
frame588.jpg,19.139641,74.718,15-05-2025 08:53
frame589.jpg,19.139641,74.718,15-05-2025 08:53
frame590.jpg,19.139641,74.718,15-05-2025 08:53
frame591.jpg,19.139641,74.718,15-05-2025 08:53
frame592.jpg,19.139612,74.718685,Not found
frame593.jpg,19.139581,74.718741,15-05-2025 08:54
frame594.jpg,19.139523,74.718893,15-05-2025 08:54
frame595.jpg,19.138971,74.719755,15-05-2025 08:54
frame596.jpg,19.138971,74.719755,15-05-2025 08:54
frame597.jpg,19.138971,74.719755,15-05-2025 08:54
frame598.jpg,19.138971,74.719755,15-05-2025 08:54
frame599.jpg,19.138971,74.719755,15-05-2025 08:54
frame600.jpg,19.138971,74.719755,15-05-2025 08:54
frame601.jpg,19.138971,74.719755,15-05-2025 08:54
frame602.jpg,19.138971,74.719755,15-05-2025 08:54
frame603.jpg,19.138207,74.720453,15-05-2025 08:54
frame604.jpg,19.138207,74.720453,15-05-2025 08:54
frame605.jpg,19.138207,74.720453,15-05-2025 08:54
frame606.jpg,19.138207,74.720453,15-05-2025 08:54
frame607.jpg,19.138207,74.720453,15-05-2025 08:54
frame608.jpg,19.138207,74.720453,15-05-2025 08:54
frame609.jpg,19.138207,74.720453,15-05-2025 08:54
frame610.jpg,19.138207,74.720453,15-05-2025 08:54
frame611.jpg,19.138187,74.720478,15-05-2025 08:54
frame612.jpg,19.138187,74.720478,15-05-2025 08:54
frame613.jpg,19.138187,74.720478,15-05-2025 08:54
frame614.jpg,19.138187,74.720478,15-05-2025 08:54
frame615.jpg,19.138187,74.720478,15-05-2025 08:54
frame616.jpg,19.138187,74.720478,15-05-2025 08:54
frame617.jpg,19.138187,74.720478,15-05-2025 08:54
frame618.jpg,19.138187,74.720478,15-05-2025 08:54
frame619.jpg,19.138187,74.720478,15-05-2025 08:54
frame620.jpg,19.138187,74.720478,15-05-2025 08:55
frame621.jpg,19.136577,74.721308,15-05-2025 08:55
frame622.jpg,19.136577,74.721308,15-05-2025 08:55
frame623.jpg,19.136577,74.721308,15-05-2025 08:55
frame624.jpg,19.136577,74.721308,15-05-2025 08:55
frame625.jpg,19.136577,74.721308,15-05-2025 08:55
frame626.jpg,19.136577,74.721308,15-05-2025 08:55
frame627.jpg,19.136041,74.721648,15-05-2025 08:55
frame628.jpg,19.136041,74.721648,15-05-2025 08:55
frame629.jpg,19.136041,74.721648,15-05-2025 08:55
frame630.jpg,19.136041,74.721648,15-05-2025 08:55
frame631.jpg,19.136041,74.721648,15-05-2025 08:55
frame632.jpg,19.136041,74.721648,15-05-2025 08:55
frame633.jpg,19.136041,74.721648,15-05-2025 08:55
frame634.jpg,19.136041,74.721648,15-05-2025 08:55
frame635.jpg,19.135377,74.721934,15-05-2025 08:55
frame636.jpg,19.135377,74.721934,15-05-2025 08:55
frame637.jpg,19.135377,74.721934,15-05-2025 08:55
frame638.jpg,19.135377,74.721934,15-05-2025 08:55
frame639.jpg,19.135377,74.721934,15-05-2025 08:55
frame640.jpg,19.134721,74.72235,15-05-2025 08:55
frame641.jpg,19.134721,74.72235,15-05-2025 08:55
frame642.jpg,Not found,Not found,Not found
frame643.jpg,19.134721,74.72235,15-05-2025 08:55
frame644.jpg,Not found,Not found,Not found
frame645.jpg,19.134721,74.72235,15-05-2025 08:55
frame646.jpg,19.134653,74.722379,15-05-2025 08:55
frame647.jpg,19.134653,74.722379,15-05-2025 08:55
frame648.jpg,19.134653,74.722379,15-05-2025 08:55
frame649.jpg,19.133775,74.722963,15-05-2025 08:55
frame650.jpg,19.133775,74.722963,15-05-2025 08:55
frame651.jpg,19.133775,74.722963,15-05-2025 08:56
frame652.jpg,19.133775,74.722963,15-05-2025 08:56
frame653.jpg,19.133775,74.722963,15-05-2025 08:56
frame654.jpg,19.133775,74.722963,15-05-2025 08:56
frame655.jpg,19.132415,74.723348,15-05-2025 08:56
frame656.jpg,19.132415,74.723348,15-05-2025 08:56
frame657.jpg,19.132415,74.723348,15-05-2025 08:56
frame658.jpg,19.132415,74.723348,15-05-2025 08:56
frame659.jpg,19.132415,74.723348,15-05-2025 08:56
frame660.jpg,19.132415,74.723348,15-05-2025 08:56
frame661.jpg,19.131794,74.723575,15-05-2025 08:56
frame662.jpg,19.131018,74.724052,15-05-2025 08:56
frame663.jpg,19.131018,74.724052,15-05-2025 08:56
frame664.jpg,19.130157,74.72453,15-05-2025 08:56
frame665.jpg,19.130157,74.72453,Not found
frame666.jpg,19.130157,74.72453,Not found
frame667.jpg,19.130075,74.72454,Not found
frame668.jpg,19.130075,74.72454,15-05-2025 08:56
frame669.jpg,19.130075,74.72454,15-05-2025 08:56
frame670.jpg,19.130063,74.724542,15-05-2025 08:57
frame671.jpg,19.130063,74.724542,15-05-2025 08:57
frame672.jpg,19.130049,74.72455,15-05-2025 08:57
frame673.jpg,Not found,Not found,15-05-2025 08:57
frame674.jpg,19.130049,74.72455,15-05-2025 08:57
frame675.jpg,19.126957,74.725975,15-05-2025 08:57
frame676.jpg,19.126939,74.725988,15-05-2025 08:57
frame677.jpg,19.126939,74.725988,15-05-2025 08:57
frame678.jpg,19.126939,74.725988,15-05-2025 08:57
frame679.jpg,19.125543,74.726601,15-05-2025 08:57
frame680.jpg,19.125543,74.726601,15-05-2025 08:57
frame681.jpg,19.125543,74.726601,15-05-2025 08:57
frame682.jpg,19.1238,74.727145,15-05-2025 08:58
frame683.jpg,19.123836,74.726856,15-05-2025 08:58
frame684.jpg,19.123836,74.726856,15-05-2025 08:58
frame685.jpg,19.121737,74.722673,15-05-2025 09:01
frame686.jpg,19.121737,74.722673,15-05-2025 09:01
frame687.jpg,19.121737,74.722673,15-05-2025 09:01
frame688.jpg,19.121737,74.722673,15-05-2025 09:01
frame689.jpg,19.121737,74.722673,15-05-2025 09:01
frame690.jpg,19.121074,74.721476,15-05-2025 09:01
frame691.jpg,19.121074,74.721476,15-05-2025 09:01
frame692.jpg,19.121074,74.721476,15-05-2025 09:01
frame693.jpg,19.121074,74.721476,15-05-2025 09:01
frame694.jpg,19.121074,74.721476,Not found
frame695.jpg,19.121074,74.721476,15-05-2025 09:01
frame696.jpg,19.120498,74.721471,15-05-2025 09:01
frame697.jpg,19.120498,74.721471,15-05-2025 09:01
frame698.jpg,19.120498,74.721471,15-05-2025 09:01
frame699.jpg,19.120498,74.721471,15-05-2025 09:01
frame701.jpg,19.119834,74.721698,15-05-2025 09:02
frame702.jpg,19.119834,74.721698,15-05-2025 09:02
frame703.jpg,19.117577,74.722342,15-05-2025 09:02
frame704.jpg,19.117577,74.722342,15-05-2025 09:02
frame705.jpg,19.116766,74.722655,15-05-2025 09:03
frame706.jpg,19.116766,74.722655,15-05-2025 09:03
frame707.jpg,19.11465,74.723436,15-05-2025 09:03
frame708.jpg,19.11465,74.723436,Not found
frame709.jpg,19.11465,74.723436,15-05-2025 09:03
frame710.jpg,19.11465,74.723436,15-05-2025 09:03
frame711.jpg,Not found,Not found,Not found
frame712.jpg,Not found,Not found,Not found
frame713.jpg,19.114628,74.723579,15-05-2025 09:03
frame714.jpg,19.114628,74.723579,Not found
frame715.jpg,19.114628,74.723579,15-05-2025 09:03
frame716.jpg,19.114628,74.723579,15-05-2025 09:03
frame717.jpg,19.114628,74.723579,15-05-2025 09:03
frame718.jpg,19.114628,74.723579,15-05-2025 09:03
frame719.jpg,19.114628,74.723579,15-05-2025 09:03
frame720.jpg,19.114628,74.723579,15-05-2025 09:03
frame721.jpg,19.114628,74.723579,15-05-2025 09:03
frame722.jpg,19.114628,74.723579,15-05-2025 09:03
frame723.jpg,19.114417,74.724012,Not found
frame724.jpg,19.114417,74.724012,15-05-2025 09:03
frame725.jpg,19.114417,74.724012,15-05-2025 09:03
frame726.jpg,19.114417,74.724012,15-05-2025 09:03
frame727.jpg,19.114417,74.724012,Not found
frame728.jpg,19.114417,74.724012,15-05-2025 09:03
frame729.jpg,19.114417,74.724012,15-05-2025 09:03
frame730.jpg,19.114418,74.724021,15-05-2025 09:04
frame731.jpg,19.114418,74.724021,15-05-2025 09:04
frame732.jpg,19.114418,74.724021,Not found
frame733.jpg,19.114418,74.724021,15-05-2025 09:04
frame734.jpg,19.114418,74.724021,15-05-2025 09:04
frame735.jpg,19.114418,74.724021,15-05-2025 09:04
frame736.jpg,19.114418,74.724021,15-05-2025 09:04
frame737.jpg,19.114455,74.725029,Not found
frame738.jpg,19.114455,74.725029,15-05-2025 09:04
frame739.jpg,19.114455,74.725029,15-05-2025 09:04
frame740.jpg,19.114455,74.725029,15-05-2025 09:04
frame741.jpg,19.114422,74.725165,15-05-2025 09:04
frame742.jpg,19.114422,74.725165,15-05-2025 09:04
frame743.jpg,19.114422,74.725165,15-05-2025 09:04
frame744.jpg,19.114422,74.725165,Not found
frame745.jpg,19.114422,74.725165,Not found
frame746.jpg,19.114422,Not found,15-05-2025 09:04
frame747.jpg,19.114422,74.725165,15-05-2025 09:04
frame748.jpg,19.114422,74.725165,Not found
frame749.jpg,19.114422,74.725165,15-05-2025 09:04
frame750.jpg,19.114422,74.725165,15-05-2025 09:04
frame751.jpg,19.114422,74.725165,15-05-2025 09:04
frame752.jpg,19.114422,74.725165,15-05-2025 09:04
frame753.jpg,19.114422,74.725165,15-05-2025 09:04
frame754.jpg,19.114422,74.725165,15-05-2025 09:04
frame755.jpg,19.114422,74.725165,15-05-2025 09:04
frame756.jpg,19.114332,74.725206,15-05-2025 09:04
frame757.jpg,19.114332,74.725206,15-05-2025 09:04
frame758.jpg,19.114341,74.7251,Not found
frame759.jpg,19.114345,74.725182,15-05-2025 09:04
frame760.jpg,19.345804,75.11063,01-06-2025 15:12
frame761.jpg,19.345804,75.110632,01-06-2025 15:12
frame762.jpg,19.345804,75.110632,01-06-2025 15:12
frame763.jpg,19.345804,75.110632,01-06-2025 15:12
frame764.jpg,19.345804,75.110632,01-06-2025 15:12
frame765.jpg,19.345208,75.11022,01-06-2025 15:12
frame766.jpg,19.342144,75.108522,01-06-2025 15:13
frame767.jpg,19.341316,75.10774,01-06-2025 15:13
frame768.jpg,19.341316,75.10774,01-06-2025 15:13
frame769.jpg,19.341317,75.107736,01-06-2025 15:13
frame770.jpg,19.338033,75.105782,01-06-2025 15:14
frame771.jpg,19.338004,75.105751,01-06-2025 15:14
frame772.jpg,19.338004,75.105751,01-06-2025 15:14
frame773.jpg,19.338004,75.105751,01-06-2025 15:14
frame774.jpg,19.337764,75.105586,01-06-2025 15:14
frame775.jpg,19.33766,75.105514,01-06-2025 15:14
frame776.jpg,19.336928,75.105024,01-06-2025 15:14
frame777.jpg,19.336928,75.105024,01-06-2025 15:14
frame778.jpg,19.335943,75.104353,01-06-2025 15:15
frame779.jpg,19.335845,75.103722,01-06-2025 15:15
frame780.jpg,19.335845,75.103722,01-06-2025 15:15
frame781.jpg,19.334137,75.101823,01-06-2025 15:16
frame782.jpg,19.334137,75.101823,01-06-2025 15:16
frame783.jpg,19.330817,75.097508,01-06-2025 15:17
frame784.jpg,19.330817,75.097508,01-06-2025 15:17
frame785.jpg,19.330404,75.096771,01-06-2025 15:17
frame786.jpg,19.326394,75.090878,01-06-2025 15:19
frame787.jpg,19.326403,75.090883,01-06-2025 15:20
frame788.jpg,19.324212,75.090603,01-06-2025 15:20
frame789.jpg,19.324214,75.090606,01-06-2025 15:20
frame790.jpg,19.323567,75.090427,01-06-2025 15:20
frame791.jpg,19.322009,75.091355,01-06-2025 15:21
frame792.jpg,19.320962,75.09205,01-06-2025 15:22
frame793.jpg,19.320262,75.094943,01-06-2025 15:35
frame794.jpg,19.320256,75.094948,01-06-2025 15:35
frame795.jpg,19.320203,75.094959,01-06-2025 15:35
frame796.jpg,19.319811,75.095381,01-06-2025 15:36
frame797.jpg,19.312095,75.1106,01-06-2025 15:39
frame798.jpg,19.312095,75.1106,01-06-2025 15:39
frame799.jpg,19.311714,75.112264,01-06-2025 15:40
frame800.jpg,19.309363,75.116782,01-06-2025 15:41
frame801.jpg,19.308401,75.118222,01-06-2025 15:41
frame802.jpg,19.305842,75.123761,01-06-2025 15:42
frame803.jpg,19.304145,75.126116,01-06-2025 15:43
frame804.jpg,19.303363,75.127768,01-06-2025 15:43
frame805.jpg,19.303363,75.127768,01-06-2025 15:43
frame806.jpg,19.300588,75.132176,01-06-2025 15:44
frame807.jpg,19.298252,75.135019,01-06-2025 15:45
frame808.jpg,19.29538,75.139512,01-06-2025 15:47
frame809.jpg,19.295296,75.140081,01-06-2025 15:47
frame810.jpg,19.091582,74.762633,15-06-2025 17:53
frame811.jpg,19.091582,74.762633,15-06-2025 17:53
frame812.jpg,19.091582,74.762633,15-06-2025 17:53
frame813.jpg,19.091354,74.763432,15-06-2025 17:53
frame814.jpg,19.091354,74.763432,15-06-2025 17:53
frame815.jpg,19.091354,74.763432,15-06-2025 17:53
frame816.jpg,19.091354,74.763432,15-06-2025 17:53
frame817.jpg,19.091354,74.763432,15-06-2025 17:53
frame818.jpg,19.091192,74.764074,15-06-2025 17:53
frame819.jpg,19.090904,74.765067,15-06-2025 17:54
frame820.jpg,19.09586,74.763588,15-06-2025 17:56
frame821.jpg,19.094519,Not found,15-06-2025 18:00
frame822.jpg,Not found,Not found,15-06-2025 18:00
frame823.jpg,19.092619,74.747405,15-06-2025 18:00
frame824.jpg,19.092447,74.747051,15-06-2025 18:01
frame825.jpg,Not found,74.746387,15-06-2025 18:01
frame826.jpg,19.092194,74.746387,15-06-2025 18:01
frame827.jpg,Not found,74.745576,15-06-2025 18:01
frame828.jpg,19.091876,74.745576,15-06-2025 18:01
frame829.jpg,19.091876,74.745576,15-06-2025 18:01
frame830.jpg,19.091082,74.7443,15-06-2025 18:01
frame831.jpg,19.091082,Not found,15-06-2025 18:01
frame832.jpg,19.090936,Not found,15-06-2025 18:01
frame833.jpg,Not found,74.74343,15-06-2025 18:01
frame834.jpg,19.090744,74.742892,15-06-2025 18:02
frame835.jpg,Not found,Not found,15-06-2025 18:02
frame836.jpg,19.090544,74.742473,15-06-2025 18:02
frame837.jpg,19.08909,Not found,15-06-2025 18:02
frame838.jpg,19.08909,Not found,15-06-2025 18:02
frame839.jpg,19.08909,Not found,15-06-2025 18:02
frame840.jpg,Not found,74.740368,15-06-2025 18:02
frame841.jpg,19.088566,74.739732,15-06-2025 18:02
frame842.jpg,Not found,74.739732,15-06-2025 18:02
frame843.jpg,19.088259,74.739406,15-06-2025 18:03
frame844.jpg,19.088259,74.739405,15-06-2025 18:03
frame845.jpg,19.082096,74.731374,15-06-2025 18:06
frame846.jpg,19.080049,Not found,15-06-2025 18:07
frame847.jpg,19.080049,74.728959,15-06-2025 18:07
frame848.jpg,19.080049,74.728959,15-06-2025 18:07
frame849.jpg,19.080049,74.728959,15-06-2025 18:07
frame850.jpg,Not found,74.728959,15-06-2025 18:07
frame851.jpg,19.080049,74.728959,15-06-2025 18:07
frame852.jpg,19.080049,74.728959,15-06-2025 18:07
frame853.jpg,19.080049,Not found,15-06-2025 18:07
frame854.jpg,19.079476,74.728109,15-06-2025 18:07
frame855.jpg,19.079476,74.728109,15-06-2025 18:07
frame856.jpg,19.078855,74.727268,15-06-2025 18:07
frame857.jpg,Not found,Not found,15-06-2025 18:07
frame859.jpg,19.078416,74.72671,15-06-2025 18:07
frame860.jpg,Not found,74.72671,15-06-2025 18:08
frame861.jpg,19.078416,74.72671,15-06-2025 18:08
frame862.jpg,19.076014,Not found,15-06-2025 18:09
frame863.jpg,19.076014,74.723612,15-06-2025 18:09
frame864.jpg,19.075815,Not found,15-06-2025 18:09
frame865.jpg,19.075815,74.723351,15-06-2025 18:09
frame866.jpg,9.074177,Not found,15-06-2025 18:10
frame867.jpg,Not found,74.723072,15-06-2025 18:11
frame868.jpg,19.075437,74.726083,15-06-2025 18:12
frame869.jpg,19.075437,74.726083,15-06-2025 18:12
frame870.jpg,19.075612,74.7261,15-06-2025 18:12
frame871.jpg,19.075612,74.7261,15-06-2025 18:12
frame872.jpg,19.075673,74.72611,15-06-2025 18:12
frame873.jpg,19.098969,74.738903,15-06-2025 18:24
frame874.jpg,19.099,74.738926,15-06-2025 18:24
frame875.jpg,19.0904,74.738926,15-06-2025 18:24
frame876.jpg,19.09917,74.739057,15-06-2025 18:25
frame877.jpg,19.10023,74.739021,15-06-2025 18:25
frame878.jpg,19.100868,74.738812,15-06-2025 18:25
frame879.jpg,19.101119,74.738725,15-06-2025 18:26
frame880.jpg,19.101119,Not found,15-06-2025 18:26
frame881.jpg,19.101323,74.738653,15-06-2025 18:26
frame882.jpg,19.102318,74.73801,15-06-2025 18:26
frame883.jpg,19.102318,74.73801,15-06-2025 18:26
frame884.jpg,19.102318,74.73801,15-06-2025 18:26
frame885.jpg,19.102318,74.73801,15-06-2025 18:26
frame886.jpg,Not found,74.737836,15-06-2025 18:27
frame887.jpg,19.102659,74.737836,15-06-2025 18:27
frame888.jpg,19.150304,74.702163,15-06-2025 18:43
frame889.jpg,19.148025,74.703508,15-06-2025 18:44
frame890.jpg,19.148025,74.703508,15-06-2025 18:44
frame891.jpg,19.147114,74.704058,15-06-2025 18:44
frame892.jpg,19.147114,74.704058,15-06-2025 18:44
frame893.jpg,19.147114,74.704058,15-06-2025 18:44
frame894.jpg,19.147114,74.704058,15-06-2025 18:44
frame895.jpg,19.147114,74.704058,15-06-2025 18:44
frame896.jpg,19.146192,74.704538,15-06-2025 18:44
frame897.jpg,19.088923,74.841312,15-06-2025 17:32
frame898.jpg,Not found,74.837705,15-06-2025 17:32
frame899.jpg,Not found,Not found,15-06-2025 17:32
frame900.jpg,19.088847,74.837705,15-06-2025 17:32
frame901.jpg,19.088847,74.837705,15-06-2025 17:32
frame902.jpg,Not found,Not found,15-06-2025 17:32
frame903.jpg,Not found,74.836103,15-06-2025 17:32
frame904.jpg,Not found,74.836103,15-06-2025 17:32
frame905.jpg,19.088844,74.836103,15-06-2025 17:32
frame906.jpg,19.088844,74.836103,15-06-2025 17:32
frame907.jpg,19.088844,Not found,15-06-2025 17:32
frame908.jpg,19.088844,74.836103,15-06-2025 17:32
frame909.jpg,19.088844,74.836103,15-06-2025 17:32
frame910.jpg,19.088663,74.83548,15-06-2025 17:32
frame911.jpg,19.088663,74.83548,15-06-2025 17:32
frame912.jpg,19.088663,74.83548,15-06-2025 17:32
frame913.jpg,19.088663,74.83548,15-06-2025 17:32
frame914.jpg,19.088663,74.83548,15-06-2025 17:32
frame915.jpg,19.088663,Not found,15-06-2025 17:32
frame916.jpg,19.088663,Not found,15-06-2025 17:32
frame917.jpg,19.088663,74.83548,15-06-2025 17:32
frame918.jpg,19.08874,Not found,15-06-2025 17:32
frame919.jpg,19.08874,Not found,15-06-2025 17:32
frame920.jpg,19.08874,Not found,15-06-2025 17:32
frame921.jpg,19.08874,Not found,15-06-2025 17:32
frame922.jpg,Not found,Not found,15-06-2025 17:33
frame923.jpg,Not found,Not found,15-06-2025 17:33
frame924.jpg,Not found,Not found,15-06-2025 17:33
frame925.jpg,19.088648,74.833723,15-06-2025 17:33
frame926.jpg,19.095182,74.749546,15-06-2025 17:49
frame927.jpg,19.095182,74.749546,15-06-2025 17:49
frame928.jpg,19.095182,74.749546,15-06-2025 17:49
frame929.jpg,19.095086,74.749627,15-06-2025 17:49
frame930.jpg,19.095086,74.749627,15-06-2025 17:49
frame931.jpg,19.095086,74.749627,15-06-2025 17:49
frame932.jpg,19.095086,74.749627,15-06-2025 17:49
frame933.jpg,19.094945,74.749853,15-06-2025 17:49
frame934.jpg,19.09475,74.750218,15-06-2025 17:49
frame935.jpg,19.09475,74.750218,15-06-2025 17:50
frame936.jpg,19.094184,74.751083,15-06-2025 17:50
frame937.jpg,19.094071,74.75136,15-06-2025 17:50
frame938.jpg,19.094071,74.75136,15-06-2025 17:50
frame939.jpg,19.093212,74.752843,15-06-2025 17:51
frame940.jpg,19.092087,74.755281,15-06-2025 17:51
frame941.jpg,19.092087,74.755281,15-06-2025 17:51
frame942.jpg,19.092087,74.755281,15-06-2025 17:51
frame943.jpg,19.092104,74.756201,15-06-2025 17:52
frame944.jpg,19.092104,74.756201,15-06-2025 17:52
frame945.jpg,19.033428,74.804499,15-06-2025 17:18
frame946.jpg,19.0347,74.80576,15-06-2025 17:19
frame947.jpg,19.0347,74.80576,15-06-2025 17:19
frame948.jpg,19.0347,74.80576,15-06-2025 17:19
frame949.jpg,19.0347,74.80576,15-06-2025 17:19
frame950.jpg,19.036065,74.807118,15-06-2025 17:19
frame951.jpg,19.036065,74.807118,15-06-2025 17:19
frame952.jpg,19.036065,74.807118,15-06-2025 17:19
frame953.jpg,19.038192,74.809309,15-06-2025 17:19
frame954.jpg,19.038192,74.809309,15-06-2025 17:19
frame955.jpg,19.038192,74.809309,15-06-2025 17:19
frame956.jpg,19.038192,74.809309,15-06-2025 17:19
frame957.jpg,19.038192,74.809309,15-06-2025 17:19
frame958.jpg,19.038192,74.809309,15-06-2025 17:19
frame959.jpg,19.038192,74.809309,15-06-2025 17:19
frame960.jpg,19.038192,74.809309,15-06-2025 17:19
frame961.jpg,19.038192,74.809309,15-06-2025 17:19
frame962.jpg,19.039332,74.810454,15-06-2025 17:19
frame963.jpg,19.041536,74.812412,15-06-2025 17:20
frame964.jpg,19.043183,74.813592,15-06-2025 17:20
frame965.jpg,19.046058,74.815305,15-06-2025 17:20
frame966.jpg,19.047679,74.816087,15-06-2025 17:20
frame967.jpg,19.047679,74.816087,15-06-2025 17:20
frame968.jpg,19.049447,74.816797,15-06-2025 17:20
frame969.jpg,19.05064,74.817207,15-06-2025 17:20
frame970.jpg,19.05619,74.818369,15-06-2025 17:21
frame971.jpg,19.05619,74.818369,15-06-2025 17:21
frame972.jpg,19.058018,74.818618,15-06-2025 17:21
frame973.jpg,19.060002,74.818897,15-06-2025 17:21
frame974.jpg,19.063805,74.819972,15-06-2025 17:22
frame975.jpg,19.063805,74.819972,15-06-2025 17:22
frame976.jpg,19.063805,74.819972,15-06-2025 17:22
frame977.jpg,19.065709,74.820894,15-06-2025 17:22
frame978.jpg,19.065709,74.820894,15-06-2025 17:22
frame979.jpg,19.065709,74.820894,15-06-2025 17:22
frame980.jpg,19.065709,74.820894,15-06-2025 17:22
frame981.jpg,19.065709,74.820894,15-06-2025 17:22
frame982.jpg,19.065709,74.820894,15-06-2025 17:22
frame983.jpg,19.065709,74.820894,15-06-2025 17:22
frame984.jpg,19.065709,74.820894,15-06-2025 17:22
frame985.jpg,19.065709,74.820894,15-06-2025 17:22
frame986.jpg,19.065709,74.820894,15-06-2025 17:22
frame987.jpg,19.065709,74.820894,15-06-2025 17:22
frame988.jpg,19.065709,74.820894,15-06-2025 17:22
frame989.jpg,19.078298,74.830372,15-06-2025 17:23
frame990.jpg,19.078298,74.830372,15-06-2025 17:23
frame991.jpg,19.078298,74.830372,15-06-2025 17:23
frame992.jpg,19.078298,74.830372,15-06-2025 17:23
frame993.jpg,19.078298,74.830372,15-06-2025 17:23
frame994.jpg,19.078298,74.830372,15-06-2025 17:23
frame995.jpg,19.078298,74.830372,15-06-2025 17:23
frame996.jpg,19.078298,74.830372,15-06-2025 17:23
frame997.jpg,19.078298,74.830372,15-06-2025 17:23
frame998.jpg,19.078298,74.830372,15-06-2025 17:23
frame999.jpg,19.078298,74.830372,15-06-2025 17:23
frame1000.jpg,19.078298,74.830372,15-06-2025 17:23
frame1001.jpg,19.081087,74.83268,15-06-2025 17:23
frame1002.jpg,19.081087,74.83268,15-06-2025 17:23
frame1003.jpg,19.081087,74.83268,15-06-2025 17:24
frame1004.jpg,19.086021,74.833496,15-06-2025 17:24
frame1005.jpg,19.086021,74.833496,15-06-2025 17:24
frame1006.jpg,19.087516,74.834056,15-06-2025 17:24
frame1007.jpg,19.087516,74.834056,15-06-2025 17:24
frame1008.jpg,19.087516,74.834056,15-06-2025 17:24
frame1009.jpg,19.087516,74.834056,15-06-2025 17:24
frame1010.jpg,19.087516,74.834056,15-06-2025 17:24
frame1011.jpg,19.087516,74.834056,15-06-2025 17:24
frame1012.jpg,19.087516,74.834056,15-06-2025 17:24
frame1013.jpg,19.087516,74.834056,15-06-2025 17:24
frame1014.jpg,19.087516,74.834056,15-06-2025 17:24
frame1015.jpg,19.088382,74.834782,15-06-2025 17:24
frame1016.jpg,19.08869,74.835067,15-06-2025 17:24
frame1017.jpg,19.08869,74.835067,15-06-2025 17:25
frame1018.jpg,19.0889,74.83575,15-06-2025 17:25
